month_start,territory_id,referral_target
2025-01-01,T01,42
2025-01-01,T02,42
2025-01-01,T03,46
2025-01-01,T04,42
2025-01-01,T05,42
2025-01-01,T06,46
2025-02-01,T01,43
2025-02-01,T02,43
2025-02-01,T03,47
2025-02-01,T04,43
2025-02-01,T05,43
2025-02-01,T06,47
2025-03-01,T01,44
2025-03-01,T02,44
2025-03-01,T03,49
2025-03-01,T04,44
2025-03-01,T05,44
2025-03-01,T06,49
2025-04-01,T01,45
2025-04-01,T02,45
2025-04-01,T03,50
2025-04-01,T04,45
2025-04-01,T05,45
2025-04-01,T06,50
2025-05-01,T01,46
2025-05-01,T02,46
2025-05-01,T03,51
2025-05-01,T04,46
2025-05-01,T05,46
2025-05-01,T06,51
2025-06-01,T01,48
2025-06-01,T02,48
2025-06-01,T03,52
2025-06-01,T04,48
2025-06-01,T05,48
2025-06-01,T06,52
2025-07-01,T01,49
2025-07-01,T02,49
2025-07-01,T03,53
2025-07-01,T04,49
2025-07-01,T05,49
2025-07-01,T06,53
2025-08-01,T01,50
2025-08-01,T02,50
2025-08-01,T03,55
2025-08-01,T04,50
2025-08-01,T05,50
2025-08-01,T06,55
2025-09-01,T01,51
2025-09-01,T02,51
2025-09-01,T03,56
2025-09-01,T04,51
2025-09-01,T05,51
2025-09-01,T06,56
2025-10-01,T01,52
2025-10-01,T02,52
2025-10-01,T03,57
2025-10-01,T04,52
2025-10-01,T05,52
2025-10-01,T06,57
2025-11-01,T01,53
2025-11-01,T02,53
2025-11-01,T03,58
2025-11-01,T04,53
2025-11-01,T05,53
2025-11-01,T06,58
2025-12-01,T01,54
2025-12-01,T02,54
2025-12-01,T03,60
2025-12-01,T04,54
2025-12-01,T05,54
2025-12-01,T06,60
2026-01-01,T01,55
2026-01-01,T02,55
2026-01-01,T03,61
2026-01-01,T04,55
2026-01-01,T05,55
2026-01-01,T06,61
2026-02-01,T01,56
2026-02-01,T02,56
2026-02-01,T03,62
2026-02-01,T04,56
2026-02-01,T05,56
2026-02-01,T06,62
2026-03-01,T01,57
2026-03-01,T02,57
2026-03-01,T03,63
2026-03-01,T04,57
2026-03-01,T05,57
2026-03-01,T06,63
2026-04-01,T01,58
2026-04-01,T02,58
2026-04-01,T03,64
2026-04-01,T04,58
2026-04-01,T05,58
2026-04-01,T06,64
2026-05-01,T01,60
2026-05-01,T02,60
2026-05-01,T03,66
2026-05-01,T04,60
2026-05-01,T05,60
2026-05-01,T06,66
2026-06-01,T01,61
2026-06-01,T02,61
2026-06-01,T03,67
2026-06-01,T04,61
2026-06-01,T05,61
2026-06-01,T06,67
2026-07-01,T01,62
2026-07-01,T02,62
2026-07-01,T03,68
2026-07-01,T04,62
2026-07-01,T05,62
2026-07-01,T06,68
2026-08-01,T01,63
2026-08-01,T02,63
2026-08-01,T03,69
2026-08-01,T04,63
2026-08-01,T05,63
2026-08-01,T06,69
