account_id,territory_id,sales_rep_id,as_of_date,referrals_recent_30,referrals_prior_30,referral_change_count,referral_change_pct,current_scheduling_queue,overdue_referrals,unassigned_open_referrals,mature_cohort_referrals,scheduled_in_30,last_outreach_date,days_since_outreach,suggested_action
ACC001,T01,REP02,2026-08-31,2,4,-2,-0.5,7,3,0,57,44,2026-08-26,5,Coordinate intake follow-up
ACC002,T01,REP01,2026-08-31,2,3,-1,-0.3333333333333333,4,3,0,47,34,2026-08-17,14,Coordinate intake follow-up
ACC003,T01,REP02,2026-08-31,0,2,-2,-1.0,2,0,0,16,14,2026-08-13,18,Maintain cadence
ACC004,T01,REP01,2026-08-31,5,2,3,1.5,7,4,0,65,54,2026-08-09,22,Coordinate intake follow-up
ACC005,T01,REP02,2026-08-31,3,4,-1,-0.25,4,2,0,24,17,2026-08-05,26,Coordinate intake follow-up
ACC006,T01,REP01,2026-08-31,3,9,-6,-0.6666666666666666,8,6,0,66,48,2026-08-22,9,Coordinate intake follow-up
ACC007,T01,REP_UNASSIGNED,2026-08-31,1,5,-4,-0.8,9,7,0,47,32,2026-08-16,15,Assign account owner
ACC008,T01,REP01,2026-08-31,11,7,4,0.5714285714285714,11,6,0,82,63,2026-08-21,10,Coordinate intake follow-up
ACC009,T01,REP02,2026-08-31,1,2,-1,-0.5,4,2,0,25,19,2026-08-29,2,Coordinate intake follow-up
ACC010,T01,REP01,2026-08-31,4,5,-1,-0.2,4,3,0,69,56,2026-06-22,70,Coordinate intake follow-up
ACC011,T01,REP02,2026-08-31,2,5,-3,-0.6,16,11,0,85,62,2026-08-21,10,Coordinate intake follow-up
ACC012,T01,REP01,2026-08-31,5,5,0,0.0,4,2,0,58,47,2026-08-07,24,Coordinate intake follow-up
ACC013,T01,REP02,2026-08-31,1,1,0,0.0,3,2,0,47,36,2026-07-23,39,Coordinate intake follow-up
ACC014,T01,REP01,2026-08-31,1,1,0,0.0,4,3,0,50,42,2026-05-26,97,Coordinate intake follow-up
ACC015,T01,REP02,2026-08-31,6,4,2,0.5,16,11,1,79,59,2026-08-27,4,Resolve intake ownership
ACC016,T01,REP01,2026-08-31,2,4,-2,-0.5,3,3,0,82,62,2026-06-29,63,Coordinate intake follow-up
ACC017,T01,REP02,2026-08-31,0,0,0,,1,0,0,20,16,2026-08-28,3,Maintain cadence
ACC018,T01,REP01,2026-08-31,6,5,1,0.2,8,5,0,81,61,2026-07-18,44,Coordinate intake follow-up
ACC019,T01,REP02,2026-08-31,0,1,-1,-1.0,2,1,0,44,35,2026-08-19,12,Coordinate intake follow-up
ACC020,T01,REP01,2026-08-31,1,1,0,0.0,5,2,0,25,16,2026-08-14,17,Coordinate intake follow-up
ACC021,T02,REP04,2026-08-31,2,3,-1,-0.3333333333333333,4,3,0,51,41,2026-08-14,17,Coordinate intake follow-up
ACC022,T02,REP03,2026-08-31,2,3,-1,-0.3333333333333333,7,5,0,31,20,2026-07-27,35,Coordinate intake follow-up
ACC023,T02,REP04,2026-08-31,2,1,1,1.0,2,1,0,23,18,2026-08-13,18,Coordinate intake follow-up
ACC024,T02,REP03,2026-08-31,5,2,3,1.5,8,3,0,27,19,2026-08-29,2,Coordinate intake follow-up
ACC025,T02,REP04,2026-08-31,6,2,4,2.0,14,9,0,78,57,2026-08-26,5,Coordinate intake follow-up
ACC026,T02,REP03,2026-08-31,2,5,-3,-0.6,10,5,0,78,63,2026-06-28,64,Coordinate intake follow-up
ACC027,T02,REP04,2026-08-31,0,1,-1,-1.0,1,0,0,30,22,2026-06-17,75,Routine partner outreach
ACC028,T02,REP_UNASSIGNED,2026-08-31,5,2,3,1.5,11,8,1,62,41,2026-07-16,46,Assign account owner
ACC029,T02,REP04,2026-08-31,2,0,2,,8,4,0,44,33,2026-08-23,8,Coordinate intake follow-up
ACC030,T02,REP03,2026-08-31,0,3,-3,-1.0,3,2,0,17,11,2026-06-22,70,Coordinate intake follow-up
ACC031,T02,REP04,2026-08-31,5,4,1,0.25,7,3,0,62,48,2026-08-30,1,Coordinate intake follow-up
ACC032,T02,REP03,2026-08-31,2,3,-1,-0.3333333333333333,4,3,0,34,28,2026-08-23,8,Coordinate intake follow-up
ACC033,T02,REP04,2026-08-31,5,0,5,,9,4,0,52,40,2026-08-29,2,Coordinate intake follow-up
ACC034,T02,REP03,2026-08-31,1,3,-2,-0.6666666666666666,6,3,0,48,30,2026-08-22,9,Coordinate intake follow-up
ACC035,T02,REP04,2026-08-31,1,1,0,0.0,6,3,0,48,38,2026-08-23,8,Coordinate intake follow-up
ACC036,T02,REP03,2026-08-31,1,2,-1,-0.5,5,3,0,49,37,2026-08-15,16,Coordinate intake follow-up
ACC037,T02,REP04,2026-08-31,4,3,1,0.3333333333333333,6,5,0,47,36,2026-08-16,15,Coordinate intake follow-up
ACC038,T02,REP03,2026-08-31,0,3,-3,-1.0,5,2,0,44,38,2026-07-24,38,Coordinate intake follow-up
ACC039,T02,REP04,2026-08-31,2,1,1,1.0,6,5,0,46,33,2026-07-09,53,Coordinate intake follow-up
ACC040,T02,REP03,2026-08-31,3,4,-1,-0.25,9,6,0,47,32,2026-08-21,10,Coordinate intake follow-up
ACC041,T03,REP06,2026-08-31,3,0,3,,4,3,0,22,16,2026-08-10,21,Coordinate intake follow-up
ACC042,T03,REP05,2026-08-31,3,6,-3,-0.5,12,4,0,100,62,2026-08-30,1,Coordinate intake follow-up
ACC043,T03,REP06,2026-08-31,2,3,-1,-0.3333333333333333,3,3,0,17,12,2026-07-30,32,Coordinate intake follow-up
ACC044,T03,REP05,2026-08-31,2,5,-3,-0.6,5,3,0,40,24,2026-07-24,38,Coordinate intake follow-up
ACC045,T03,REP06,2026-08-31,2,2,0,0.0,4,3,0,27,11,2026-07-23,39,Coordinate intake follow-up
ACC046,T03,REP_UNASSIGNED,2026-08-31,3,1,2,2.0,4,2,0,30,19,2026-08-31,0,Assign account owner
ACC047,T03,REP06,2026-08-31,4,3,1,0.3333333333333333,9,3,0,81,48,2026-08-24,7,Coordinate intake follow-up
ACC048,T03,REP05,2026-08-31,3,2,1,0.5,9,4,0,42,26,2026-08-31,0,Coordinate intake follow-up
ACC049,T03,REP06,2026-08-31,1,4,-3,-0.75,5,2,1,59,39,2026-08-31,0,Resolve intake ownership
ACC050,T03,REP05,2026-08-31,2,1,1,1.0,8,5,0,66,37,2026-06-22,70,Coordinate intake follow-up
ACC051,T03,REP06,2026-08-31,2,3,-1,-0.3333333333333333,5,2,0,37,26,2026-08-03,28,Coordinate intake follow-up
ACC052,T03,REP05,2026-08-31,1,0,1,,3,1,0,14,8,2026-08-12,19,Coordinate intake follow-up
ACC053,T03,REP06,2026-08-31,2,3,-1,-0.3333333333333333,5,3,0,44,27,2026-08-24,7,Coordinate intake follow-up
ACC054,T03,REP05,2026-08-31,6,2,4,2.0,12,6,1,73,33,2026-07-09,53,Resolve intake ownership
ACC055,T03,REP06,2026-08-31,2,2,0,0.0,4,2,0,28,18,2026-08-12,19,Coordinate intake follow-up
ACC056,T03,REP05,2026-08-31,4,1,3,3.0,9,5,0,47,24,2026-08-17,14,Coordinate intake follow-up
ACC057,T03,REP06,2026-08-31,5,5,0,0.0,14,10,1,74,35,2026-07-16,46,Resolve intake ownership
ACC058,T03,REP05,2026-08-31,2,1,1,1.0,4,1,0,27,17,2026-08-28,3,Coordinate intake follow-up
ACC059,T03,REP06,2026-08-31,3,5,-2,-0.4,8,4,0,86,54,2026-08-11,20,Coordinate intake follow-up
ACC060,T03,REP05,2026-08-31,3,1,2,2.0,5,2,0,40,24,2026-08-23,8,Coordinate intake follow-up
ACC061,T04,REP08,2026-08-31,3,2,1,0.5,5,4,0,41,32,2026-08-07,24,Coordinate intake follow-up
ACC062,T04,REP07,2026-08-31,6,5,1,0.2,6,4,1,68,55,2026-08-25,6,Resolve intake ownership
ACC063,T04,REP08,2026-08-31,1,0,1,,8,5,0,50,35,2026-08-30,1,Coordinate intake follow-up
ACC064,T04,REP07,2026-08-31,2,3,-1,-0.3333333333333333,4,2,0,26,21,2026-08-29,2,Coordinate intake follow-up
ACC065,T04,REP08,2026-08-31,3,4,-1,-0.25,14,8,0,83,58,2026-06-27,65,Coordinate intake follow-up
ACC066,T04,REP07,2026-08-31,3,3,0,0.0,3,2,0,27,21,2026-08-22,9,Coordinate intake follow-up
ACC067,T04,REP08,2026-08-31,1,0,1,,3,2,0,28,22,2026-08-12,19,Coordinate intake follow-up
ACC068,T04,REP07,2026-08-31,2,2,0,0.0,5,2,0,25,20,2026-08-31,0,Coordinate intake follow-up
ACC069,T04,REP_UNASSIGNED,2026-08-31,0,1,-1,-1.0,2,1,0,20,14,2026-07-31,31,Assign account owner
ACC070,T04,REP07,2026-08-31,1,3,-2,-0.6666666666666666,1,1,0,36,26,2026-06-04,88,Coordinate intake follow-up
ACC071,T04,REP08,2026-08-31,1,1,0,0.0,3,2,0,30,17,2026-08-22,9,Coordinate intake follow-up
ACC072,T04,REP07,2026-08-31,4,6,-2,-0.3333333333333333,8,3,0,79,62,2026-07-31,31,Coordinate intake follow-up
ACC073,T04,REP08,2026-08-31,4,7,-3,-0.42857142857142855,12,7,0,78,61,2026-08-30,1,Coordinate intake follow-up
ACC074,T04,REP07,2026-08-31,2,5,-3,-0.6,14,7,1,71,49,2026-08-25,6,Resolve intake ownership
ACC075,T04,REP08,2026-08-31,4,1,3,3.0,3,1,1,40,31,2026-08-23,8,Resolve intake ownership
ACC076,T04,REP07,2026-08-31,4,2,2,1.0,4,1,0,42,37,2026-04-19,134,Coordinate intake follow-up
ACC077,T04,REP08,2026-08-31,1,2,-1,-0.5,3,1,0,50,37,2026-08-31,0,Coordinate intake follow-up
ACC078,T04,REP07,2026-08-31,5,2,3,1.5,5,1,0,46,35,2026-05-27,96,Coordinate intake follow-up
ACC079,T04,REP08,2026-08-31,6,3,3,1.0,15,8,1,72,55,2026-08-27,4,Resolve intake ownership
ACC080,T04,REP07,2026-08-31,5,1,4,4.0,7,4,1,43,28,2026-08-11,20,Resolve intake ownership
ACC081,T05,REP10,2026-08-31,4,1,3,3.0,7,4,0,33,24,2026-08-17,14,Coordinate intake follow-up
ACC082,T05,REP09,2026-08-31,2,2,0,0.0,2,1,0,20,16,2026-08-07,24,Coordinate intake follow-up
ACC083,T05,REP10,2026-08-31,6,3,3,1.0,5,3,0,39,32,2026-08-21,10,Coordinate intake follow-up
ACC084,T05,REP_UNASSIGNED,2026-08-31,5,7,-2,-0.2857142857142857,12,7,1,79,53,2026-08-27,4,Assign account owner
ACC085,T05,REP10,2026-08-31,0,2,-2,-1.0,15,6,0,72,44,2026-08-29,2,Coordinate intake follow-up
ACC086,T05,REP09,2026-08-31,3,2,1,0.5,8,7,0,46,30,2026-08-06,25,Coordinate intake follow-up
ACC087,T05,REP10,2026-08-31,10,4,6,1.5,15,7,1,73,55,2026-08-21,10,Resolve intake ownership
ACC088,T05,REP09,2026-08-31,1,1,0,0.0,3,2,0,18,14,2026-08-31,0,Coordinate intake follow-up
ACC089,T05,REP10,2026-08-31,2,2,0,0.0,6,5,1,50,35,2026-08-23,8,Resolve intake ownership
ACC090,T05,REP09,2026-08-31,1,1,0,0.0,1,1,0,21,19,2026-06-22,70,Coordinate intake follow-up
ACC091,T05,REP10,2026-08-31,1,2,-1,-0.5,3,1,0,33,25,2026-08-28,3,Coordinate intake follow-up
ACC092,T05,REP09,2026-08-31,1,1,0,0.0,3,2,0,18,12,2026-08-09,22,Coordinate intake follow-up
ACC093,T05,REP10,2026-08-31,2,1,1,1.0,6,2,0,41,34,2026-08-23,8,Coordinate intake follow-up
ACC094,T05,REP09,2026-08-31,1,3,-2,-0.6666666666666666,3,2,0,49,36,2026-07-28,34,Coordinate intake follow-up
ACC095,T05,REP10,2026-08-31,3,3,0,0.0,7,4,1,46,35,2026-08-01,30,Resolve intake ownership
ACC096,T05,REP09,2026-08-31,2,3,-1,-0.3333333333333333,4,2,0,30,26,2026-08-27,4,Coordinate intake follow-up
ACC097,T05,REP10,2026-08-31,2,3,-1,-0.3333333333333333,6,4,0,44,32,2026-07-18,44,Coordinate intake follow-up
ACC098,T05,REP09,2026-08-31,6,2,4,2.0,1,1,0,44,36,2026-08-23,8,Coordinate intake follow-up
ACC099,T05,REP10,2026-08-31,3,5,-2,-0.4,8,5,1,74,57,2026-08-07,24,Resolve intake ownership
ACC100,T05,REP09,2026-08-31,2,4,-2,-0.5,2,1,0,23,20,2026-08-30,1,Coordinate intake follow-up
ACC101,T06,REP12,2026-08-31,1,1,0,0.0,3,2,1,25,20,2026-08-19,12,Resolve intake ownership
ACC102,T06,REP11,2026-08-31,4,2,2,1.0,7,5,0,37,25,2026-08-19,12,Coordinate intake follow-up
ACC103,T06,REP12,2026-08-31,1,2,-1,-0.5,5,4,0,38,30,2026-08-31,0,Coordinate intake follow-up
ACC104,T06,REP11,2026-08-31,0,3,-3,-1.0,5,3,0,42,30,2026-08-16,15,Coordinate intake follow-up
ACC105,T06,REP12,2026-08-31,2,2,0,0.0,4,2,0,29,19,2026-08-07,24,Coordinate intake follow-up
ACC106,T06,REP11,2026-08-31,0,0,0,,3,1,0,24,17,2026-08-26,5,Coordinate intake follow-up
ACC107,T06,REP12,2026-08-31,3,2,1,0.5,10,5,0,57,40,2026-08-04,27,Coordinate intake follow-up
ACC108,T06,REP11,2026-08-31,2,0,2,,3,2,1,26,21,2026-08-29,2,Resolve intake ownership
ACC109,T06,REP12,2026-08-31,2,0,2,,3,0,0,17,12,2026-08-25,6,Maintain cadence
ACC110,T06,REP11,2026-08-31,5,5,0,0.0,11,8,0,86,56,2026-06-22,70,Coordinate intake follow-up
ACC111,T06,REP12,2026-08-31,4,3,1,0.3333333333333333,5,2,1,45,32,2026-06-27,65,Resolve intake ownership
ACC112,T06,REP11,2026-08-31,2,1,1,1.0,2,2,0,22,16,2026-08-23,8,Coordinate intake follow-up
ACC113,T06,REP_UNASSIGNED,2026-08-31,1,0,1,,2,0,0,23,17,2026-08-25,6,Assign account owner
ACC114,T06,REP11,2026-08-31,3,2,1,0.5,5,2,0,39,27,2026-08-03,28,Coordinate intake follow-up
ACC115,T06,REP12,2026-08-31,2,2,0,0.0,5,2,1,40,32,2026-08-27,4,Resolve intake ownership
ACC116,T06,REP11,2026-08-31,3,5,-2,-0.4,9,4,0,63,45,2026-08-25,6,Coordinate intake follow-up
ACC117,T06,REP12,2026-08-31,1,3,-2,-0.6666666666666666,6,1,0,40,30,2026-08-24,7,Coordinate intake follow-up
ACC118,T06,REP11,2026-08-31,5,4,1,0.25,7,3,0,46,29,2026-08-03,28,Coordinate intake follow-up
ACC119,T06,REP12,2026-08-31,3,13,-10,-0.7692307692307693,10,4,1,74,52,2026-08-11,20,Resolve intake ownership
ACC120,T06,REP11,2026-08-31,5,2,3,1.5,5,2,1,80,61,2026-07-24,38,Resolve intake ownership
