table_name,layer,grain,column_name,recommended_power_bi_type,definition,null_handling
raw_territories,Raw,One territory,territory_id,Text,Synthetic territory identifier; account attribution is static.,Preserve null; never replace missing dates or identifiers with fabricated values.
raw_territories,Raw,One territory,territory_name,Text,"Fictional territory label, with no real geographic boundary.",Preserve null; never replace missing dates or identifiers with fabricated values.
raw_sites,Raw,One outpatient site,site_id,Text,Synthetic outpatient site identifier.,Preserve null; never replace missing dates or identifiers with fabricated values.
raw_sites,Raw,One outpatient site,site_name,Text,Fictional service-site display label.,Preserve null; never replace missing dates or identifiers with fabricated values.
raw_sites,Raw,One outpatient site,territory_id,Text,Synthetic territory identifier; account attribution is static.,Preserve null; never replace missing dates or identifiers with fabricated values.
raw_sales_reps,Raw,One sales representative,sales_rep_id,Text,Sales account owner; blank in raw becomes REP_UNASSIGNED in reporting.,Preserve null; never replace missing dates or identifiers with fabricated values.
raw_sales_reps,Raw,One sales representative,sales_rep_name,Text,Fictional sales representative display label.,Preserve null; never replace missing dates or identifiers with fabricated values.
raw_sales_reps,Raw,One sales representative,territory_id,Text,Synthetic territory identifier; account attribution is static.,Preserve null; never replace missing dates or identifiers with fabricated values.
raw_intake_owners,Raw,One intake owner,intake_owner_id,Text,Referral intake-case owner; distinct from the sales account owner. Blank maps to INT_UNASSIGNED.,Preserve null; never replace missing dates or identifiers with fabricated values.
raw_intake_owners,Raw,One intake owner,intake_owner_name,Text,Fictional intake owner display label.,Preserve null; never replace missing dates or identifiers with fabricated values.
raw_intake_owners,Raw,One intake owner,site_id,Text,Synthetic outpatient site identifier.,Preserve null; never replace missing dates or identifiers with fabricated values.
raw_accounts,Raw,One provider account,account_id,Text,Synthetic provider-partner identifier; not a patient or referral identifier.,Preserve null; never replace missing dates or identifiers with fabricated values.
raw_accounts,Raw,One provider account,account_name,Text,Fictional provider-account display label.,Preserve null; never replace missing dates or identifiers with fabricated values.
raw_accounts,Raw,One provider account,territory_id,Text,Synthetic territory identifier; account attribution is static.,Preserve null; never replace missing dates or identifiers with fabricated values.
raw_accounts,Raw,One provider account,sales_rep_id,Text,Sales account owner; blank in raw becomes REP_UNASSIGNED in reporting.,Preserve null; never replace missing dates or identifiers with fabricated values.
raw_accounts,Raw,One provider account,specialty,Text,Synthetic referring-account specialty; not a patient diagnosis.,Preserve null; never replace missing dates or identifiers with fabricated values.
raw_accounts,Raw,One provider account,account_tier,Text,Assigned A/B/C scenario segment; no validated scoring model.,Preserve null; never replace missing dates or identifiers with fabricated values.
raw_referral_rows,Raw,"One exported row/version, not one referral",source_row_id,Text,"Unique export-row identifier, including repeated versions of a referral.",Preserve null; never replace missing dates or identifiers with fabricated values.
raw_referral_rows,Raw,"One exported row/version, not one referral",referral_id,Text,Synthetic referral identifier; one reporting row per ID; different IDs are never merged by account/date.,Preserve null; never replace missing dates or identifiers with fabricated values.
raw_referral_rows,Raw,"One exported row/version, not one referral",account_id,Text,Synthetic provider-partner identifier; not a patient or referral identifier.,Preserve null; never replace missing dates or identifiers with fabricated values.
raw_referral_rows,Raw,"One exported row/version, not one referral",site_id,Text,Synthetic outpatient site identifier.,Preserve null; never replace missing dates or identifiers with fabricated values.
raw_referral_rows,Raw,"One exported row/version, not one referral",intake_owner_id,Text,Referral intake-case owner; distinct from the sales account owner. Blank maps to INT_UNASSIGNED.,Preserve null; never replace missing dates or identifiers with fabricated values.
raw_referral_rows,Raw,"One exported row/version, not one referral",received_date,Date,Source referral receipt date; missing dates are not imputed from event history.,Preserve null; never replace missing dates or identifiers with fabricated values.
raw_referral_rows,Raw,"One exported row/version, not one referral",source_status,Text,"Unstandardized source status, including aliases and intentionally ambiguous values.",Preserve null; never replace missing dates or identifiers with fabricated values.
raw_referral_rows,Raw,"One exported row/version, not one referral",payer_group,Text,Synthetic insurance category for operational mix comparisons.,Preserve null; never replace missing dates or identifiers with fabricated values.
raw_referral_rows,Raw,"One exported row/version, not one referral",service_line,Text,Synthetic broad service category; not treatment or diagnosis guidance.,Preserve null; never replace missing dates or identifiers with fabricated values.
raw_referral_rows,Raw,"One exported row/version, not one referral",source_updated_at,Text,Source version timestamp; first survivor ordering field.,Preserve null; never replace missing dates or identifiers with fabricated values.
raw_referral_rows,Raw,"One exported row/version, not one referral",ingested_at,Text,Export ingestion timestamp; second survivor ordering field.,Preserve null; never replace missing dates or identifiers with fabricated values.
raw_stage_events,Raw,One stage event within a referral,event_id,Text,Unique synthetic stage-event identifier.,Preserve null; never replace missing dates or identifiers with fabricated values.
raw_stage_events,Raw,One stage event within a referral,referral_id,Text,Synthetic referral identifier; one reporting row per ID; different IDs are never merged by account/date.,Preserve null; never replace missing dates or identifiers with fabricated values.
raw_stage_events,Raw,One stage event within a referral,event_sequence,Whole number,"Source progression order within a referral, including events with missing timestamps.",Preserve null; never replace missing dates or identifiers with fabricated values.
raw_stage_events,Raw,One stage event within a referral,stage_name,Text,"Observed administrative stage: Received, In Review, Ready to Schedule, Scheduled, Completed, Closed.",Preserve null; never replace missing dates or identifiers with fabricated values.
raw_stage_events,Raw,One stage event within a referral,event_date,Date,Date that the source stage event occurred; missing/backdated values are intentionally injected.,Preserve null; never replace missing dates or identifiers with fabricated values.
raw_followups,Raw,One follow-up task,followup_id,Text,Unique synthetic follow-up task identifier.,Preserve null; never replace missing dates or identifiers with fabricated values.
raw_followups,Raw,One follow-up task,referral_id,Text,Synthetic referral identifier; one reporting row per ID; different IDs are never merged by account/date.,Preserve null; never replace missing dates or identifiers with fabricated values.
raw_followups,Raw,One follow-up task,created_date,Date,Task creation date.,Preserve null; never replace missing dates or identifiers with fabricated values.
raw_followups,Raw,One follow-up task,due_date,Date,"Planned task due date; a null is a data-quality issue, not zero overdue days.",Preserve null; never replace missing dates or identifiers with fabricated values.
raw_followups,Raw,One follow-up task,completed_date,Date,Task completion date; blank when still open.,Preserve null; never replace missing dates or identifiers with fabricated values.
raw_followups,Raw,One follow-up task,task_status,Text,Open or Completed task state.,Preserve null; never replace missing dates or identifiers with fabricated values.
raw_activities,Raw,One provider outreach activity,activity_id,Text,Unique provider-outreach activity identifier.,Preserve null; never replace missing dates or identifiers with fabricated values.
raw_activities,Raw,One provider outreach activity,account_id,Text,Synthetic provider-partner identifier; not a patient or referral identifier.,Preserve null; never replace missing dates or identifiers with fabricated values.
raw_activities,Raw,One provider outreach activity,sales_rep_id,Text,Sales account owner; blank in raw becomes REP_UNASSIGNED in reporting.,Preserve null; never replace missing dates or identifiers with fabricated values.
raw_activities,Raw,One provider outreach activity,activity_date,Date,Date of provider-partner outreach.,Preserve null; never replace missing dates or identifiers with fabricated values.
raw_activities,Raw,One provider outreach activity,activity_type,Text,Synthetic provider outreach channel/type.,Preserve null; never replace missing dates or identifiers with fabricated values.
raw_activities,Raw,One provider outreach activity,outcome,Text,Descriptive contact result; not proof of conversion.,Preserve null; never replace missing dates or identifiers with fabricated values.
raw_targets,Raw,One month and territory,month_start,Date,First calendar date of target/summary month. Targets have month-territory grain.,Preserve null; never replace missing dates or identifiers with fabricated values.
raw_targets,Raw,One month and territory,territory_id,Text,Synthetic territory identifier; account attribution is static.,Preserve null; never replace missing dates or identifiers with fabricated values.
raw_targets,Raw,One month and territory,referral_target,Whole number,"Constructed target for dated referrals in a month and territory, not a market benchmark.",Preserve null; never replace missing dates or identifiers with fabricated values.
raw_status_map,Raw,One normalized alias,status_key,Text,LOWER(TRIM(source_status)) lookup key; mappings are only for approved synthetic aliases.,Preserve null; never replace missing dates or identifiers with fabricated values.
raw_status_map,Raw,One normalized alias,standard_status,Text,Status matched from the approved alias map; null when unmapped.,Preserve null; never replace missing dates or identifiers with fabricated values.
raw_project_config,Raw,One fixed scenario configuration,as_of_date,Date,"Frozen observation date, 2026-08-31; do not substitute TODAY().",Preserve null; never replace missing dates or identifiers with fabricated values.
raw_project_config,Raw,One fixed scenario configuration,source_start_date,Date,"First source receipt date in scope, 2025-01-01.",Preserve null; never replace missing dates or identifiers with fabricated values.
raw_project_config,Raw,One fixed scenario configuration,cohort_days,Whole number,"Scenario maturity and booking window, 30 calendar days.",Preserve null; never replace missing dates or identifiers with fabricated values.
raw_project_config,Raw,One fixed scenario configuration,followup_target_calendar_days,Whole number,"Scenario task-coverage threshold, two calendar days; not regulatory.",Preserve null; never replace missing dates or identifiers with fabricated values.
raw_project_config,Raw,One fixed scenario configuration,stalled_stage_calendar_days,Whole number,Scenario stalled-stage threshold; flag requires more than seven calendar days.,Preserve null; never replace missing dates or identifiers with fabricated values.
raw_project_config,Raw,One fixed scenario configuration,random_seed,Whole number,Fixed generator seed for reproducible synthetic records.,Preserve null; never replace missing dates or identifiers with fabricated values.
dim_date,Reporting,One calendar date,date,Date,Continuous calendar-date key spanning 2025-01-01 through 2026-12-31.,Preserve null; never replace missing dates or identifiers with fabricated values.
dim_date,Reporting,One calendar date,year,Whole number,Calendar year.,Preserve null; never replace missing dates or identifiers with fabricated values.
dim_date,Reporting,One calendar date,month_number,Whole number,"Calendar month number, 1 through 12.",Preserve null; never replace missing dates or identifiers with fabricated values.
dim_date,Reporting,One calendar date,month_start,Date,First calendar date of target/summary month. Targets have month-territory grain.,Preserve null; never replace missing dates or identifiers with fabricated values.
dim_date,Reporting,One calendar date,year_month,Text,YYYY-MM month label; sort by month_sort.,Preserve null; never replace missing dates or identifiers with fabricated values.
dim_date,Reporting,One calendar date,month_sort,Whole number,Integer YYYYMM month ordering key.,Preserve null; never replace missing dates or identifiers with fabricated values.
dim_account,Reporting,One provider account,account_id,Text,Synthetic provider-partner identifier; not a patient or referral identifier.,Preserve null; never replace missing dates or identifiers with fabricated values.
dim_account,Reporting,One provider account,account_name,Text,Fictional provider-account display label.,Preserve null; never replace missing dates or identifiers with fabricated values.
dim_account,Reporting,One provider account,territory_id,Text,Synthetic territory identifier; account attribution is static.,Preserve null; never replace missing dates or identifiers with fabricated values.
dim_account,Reporting,One provider account,sales_rep_id,Text,Sales account owner; blank in raw becomes REP_UNASSIGNED in reporting.,Use documented UNASSIGNED sentinel; retain missing-owner flags and action queue.
dim_account,Reporting,One provider account,specialty,Text,Synthetic referring-account specialty; not a patient diagnosis.,Preserve null; never replace missing dates or identifiers with fabricated values.
dim_account,Reporting,One provider account,account_tier,Text,Assigned A/B/C scenario segment; no validated scoring model.,Preserve null; never replace missing dates or identifiers with fabricated values.
dim_territory,Reporting,One territory,territory_id,Text,Synthetic territory identifier; account attribution is static.,Preserve null; never replace missing dates or identifiers with fabricated values.
dim_territory,Reporting,One territory,territory_name,Text,"Fictional territory label, with no real geographic boundary.",Preserve null; never replace missing dates or identifiers with fabricated values.
dim_site,Reporting,One site,site_id,Text,Synthetic outpatient site identifier.,Preserve null; never replace missing dates or identifiers with fabricated values.
dim_site,Reporting,One site,site_name,Text,Fictional service-site display label.,Preserve null; never replace missing dates or identifiers with fabricated values.
dim_site,Reporting,One site,territory_id,Text,Synthetic territory identifier; account attribution is static.,Preserve null; never replace missing dates or identifiers with fabricated values.
dim_sales_rep,Reporting,One sales owner including unassigned sentinel,sales_rep_id,Text,Sales account owner; blank in raw becomes REP_UNASSIGNED in reporting.,Use documented UNASSIGNED sentinel; retain missing-owner flags and action queue.
dim_sales_rep,Reporting,One sales owner including unassigned sentinel,sales_rep_name,Text,Fictional sales representative display label.,Preserve null; never replace missing dates or identifiers with fabricated values.
dim_sales_rep,Reporting,One sales owner including unassigned sentinel,territory_id,Text,Synthetic territory identifier; account attribution is static.,Preserve null; never replace missing dates or identifiers with fabricated values.
dim_intake_owner,Reporting,One intake owner including unassigned sentinel,intake_owner_id,Text,Referral intake-case owner; distinct from the sales account owner. Blank maps to INT_UNASSIGNED.,Use documented UNASSIGNED sentinel; retain missing-owner flags and action queue.
dim_intake_owner,Reporting,One intake owner including unassigned sentinel,intake_owner_name,Text,Fictional intake owner display label.,Preserve null; never replace missing dates or identifiers with fabricated values.
dim_intake_owner,Reporting,One intake owner including unassigned sentinel,site_id,Text,Synthetic outpatient site identifier.,Preserve null; never replace missing dates or identifiers with fabricated values.
fact_referrals,Reporting,One canonical referral,referral_id,Text,Synthetic referral identifier; one reporting row per ID; different IDs are never merged by account/date.,Preserve null; never replace missing dates or identifiers with fabricated values.
fact_referrals,Reporting,One canonical referral,surviving_source_row_id,Text,"Raw row retained by latest source update, ingestion timestamp, and row-ID tie-breaker.",Preserve null; never replace missing dates or identifiers with fabricated values.
fact_referrals,Reporting,One canonical referral,account_id,Text,Synthetic provider-partner identifier; not a patient or referral identifier.,Preserve null; never replace missing dates or identifiers with fabricated values.
fact_referrals,Reporting,One canonical referral,territory_id,Text,Synthetic territory identifier; account attribution is static.,Preserve null; never replace missing dates or identifiers with fabricated values.
fact_referrals,Reporting,One canonical referral,site_id,Text,Synthetic outpatient site identifier.,Preserve null; never replace missing dates or identifiers with fabricated values.
fact_referrals,Reporting,One canonical referral,sales_rep_id,Text,Sales account owner; blank in raw becomes REP_UNASSIGNED in reporting.,Use documented UNASSIGNED sentinel; retain missing-owner flags and action queue.
fact_referrals,Reporting,One canonical referral,intake_owner_id,Text,Referral intake-case owner; distinct from the sales account owner. Blank maps to INT_UNASSIGNED.,Use documented UNASSIGNED sentinel; retain missing-owner flags and action queue.
fact_referrals,Reporting,One canonical referral,received_date,Date,Source referral receipt date; missing dates are not imputed from event history.,Preserve null; never replace missing dates or identifiers with fabricated values.
fact_referrals,Reporting,One canonical referral,payer_group,Text,Synthetic insurance category for operational mix comparisons.,Preserve null; never replace missing dates or identifiers with fabricated values.
fact_referrals,Reporting,One canonical referral,service_line,Text,Synthetic broad service category; not treatment or diagnosis guidance.,Preserve null; never replace missing dates or identifiers with fabricated values.
fact_referrals,Reporting,One canonical referral,source_status,Text,"Unstandardized source status, including aliases and intentionally ambiguous values.",Preserve null; never replace missing dates or identifiers with fabricated values.
fact_referrals,Reporting,One canonical referral,standard_status,Text,Status matched from the approved alias map; null when unmapped.,Preserve null; never replace missing dates or identifiers with fabricated values.
fact_referrals,Reporting,One canonical referral,source_row_count,Whole number,"Number of source rows for the referral ID, including repeat exports/older versions.",Preserve null; never replace missing dates or identifiers with fabricated values.
fact_referrals,Reporting,One canonical referral,duplicate_excess_rows,Whole number,source_row_count minus one; not a count of unique affected referrals.,Preserve null; never replace missing dates or identifiers with fabricated values.
fact_referrals,Reporting,One canonical referral,first_review_date,Date,Earliest recorded In Review date; retain source value even if timing invalid.,Preserve null; never replace missing dates or identifiers with fabricated values.
fact_referrals,Reporting,One canonical referral,first_ready_date,Date,Earliest Ready to Schedule date; may be blank when stage not reached.,Preserve null; never replace missing dates or identifiers with fabricated values.
fact_referrals,Reporting,One canonical referral,first_scheduled_date,Date,"First booking-event date, not date of attendance.",Preserve null; never replace missing dates or identifiers with fabricated values.
fact_referrals,Reporting,One canonical referral,first_completed_date,Date,First completed-visit date; one initial appointment per referral in this simplified model.,Preserve null; never replace missing dates or identifiers with fabricated values.
fact_referrals,Reporting,One canonical referral,scheduled_observed_flag,Whole number,"1 when stage history contains Scheduled, even when the event date is missing.",Reporting flag is 0 or 1; do not treat source unknown values as inferred facts.
fact_referrals,Reporting,One canonical referral,completed_observed_flag,Whole number,"1 when stage history contains Completed, before timing-quality exclusions.",Reporting flag is 0 or 1; do not treat source unknown values as inferred facts.
fact_referrals,Reporting,One canonical referral,current_stage,Text,"Latest stage by source event_sequence; provisional authority for workflow, with status conflicts flagged.",Preserve null; never replace missing dates or identifiers with fabricated values.
fact_referrals,Reporting,One canonical referral,current_stage_date,Date,"Timestamp of the latest sequence event; may be null, never imputed.",Preserve null; never replace missing dates or identifiers with fabricated values.
fact_referrals,Reporting,One canonical referral,missing_event_date_flag,Whole number,1 when any observed stage-event date is null or unparseable.,Reporting flag is 0 or 1; do not treat source unknown values as inferred facts.
fact_referrals,Reporting,One canonical referral,invalid_event_order_flag,Whole number,1 when an event precedes its prior event/receipt or exceeds snapshot date.,Reporting flag is 0 or 1; do not treat source unknown values as inferred facts.
fact_referrals,Reporting,One canonical referral,first_followup_date,Date,Earliest recorded completed task date.,Preserve null; never replace missing dates or identifiers with fabricated values.
fact_referrals,Reporting,One canonical referral,last_followup_date,Date,Most recent recorded completed task date.,Preserve null; never replace missing dates or identifiers with fabricated values.
fact_referrals,Reporting,One canonical referral,next_followup_due_date,Date,Earliest dated open-task due date; missing-due tasks separately counted.,Preserve null; never replace missing dates or identifiers with fabricated values.
fact_referrals,Reporting,One canonical referral,open_task_count,Whole number,Count of currently open tasks after aggregation to referral grain.,Preserve null; never replace missing dates or identifiers with fabricated values.
fact_referrals,Reporting,One canonical referral,missing_due_date_count,Whole number,Count of open tasks with no due date.,Preserve null; never replace missing dates or identifiers with fabricated values.
fact_referrals,Reporting,One canonical referral,as_of_date,Date,"Frozen observation date, 2026-08-31; do not substitute TODAY().",Preserve null; never replace missing dates or identifiers with fabricated values.
fact_referrals,Reporting,One canonical referral,cohort_days,Whole number,"Scenario maturity and booking window, 30 calendar days.",Preserve null; never replace missing dates or identifiers with fabricated values.
fact_referrals,Reporting,One canonical referral,followup_target_calendar_days,Whole number,"Scenario task-coverage threshold, two calendar days; not regulatory.",Preserve null; never replace missing dates or identifiers with fabricated values.
fact_referrals,Reporting,One canonical referral,stalled_stage_calendar_days,Whole number,Scenario stalled-stage threshold; flag requires more than seven calendar days.,Preserve null; never replace missing dates or identifiers with fabricated values.
fact_referrals,Reporting,One canonical referral,valid_received_date_flag,Whole number,"1 when receipt date exists, is parseable and within source date scope.",Reporting flag is 0 or 1; do not treat source unknown values as inferred facts.
fact_referrals,Reporting,One canonical referral,unmapped_status_flag,Whole number,1 when source status has no approved normalized mapping.,Reporting flag is 0 or 1; do not treat source unknown values as inferred facts.
fact_referrals,Reporting,One canonical referral,status_disagreement_flag,Whole number,1 when mapped source status differs from latest event-sequence stage.,Reporting flag is 0 or 1; do not treat source unknown values as inferred facts.
fact_referrals,Reporting,One canonical referral,missing_sales_owner_flag,Whole number,1 when the account has no sales representative assigned in raw data.,Reporting flag is 0 or 1; do not treat source unknown values as inferred facts.
fact_referrals,Reporting,One canonical referral,missing_intake_owner_flag,Whole number,1 when the referral has no intake-case owner assigned in raw data.,Reporting flag is 0 or 1; do not treat source unknown values as inferred facts.
fact_referrals,Reporting,One canonical referral,timing_valid_flag,Whole number,1 only when receipt date is valid and all observed stage dates are present with valid chronology.,Reporting flag is 0 or 1; do not treat source unknown values as inferred facts.
fact_referrals,Reporting,One canonical referral,referral_age_days,Whole number,Calendar days from receipt through frozen snapshot; null for invalid receipt date.,Preserve null; never replace missing dates or identifiers with fabricated values.
fact_referrals,Reporting,One canonical referral,open_referral_flag,Whole number,1 when current stage is not Completed or Closed; includes Scheduled.,Reporting flag is 0 or 1; do not treat source unknown values as inferred facts.
fact_referrals,Reporting,One canonical referral,scheduling_queue_flag,Whole number,"1 when current stage is Received, In Review, or Ready to Schedule; excludes Scheduled.",Reporting flag is 0 or 1; do not treat source unknown values as inferred facts.
fact_referrals,Reporting,One canonical referral,days_received_to_review,Whole number,Valid elapsed calendar days from receipt to first review; null if unfinished or timing-invalid.,Preserve null; never replace missing dates or identifiers with fabricated values.
fact_referrals,Reporting,One canonical referral,days_review_to_ready,Whole number,Valid elapsed days from first review to ready; null if unfinished or timing-invalid.,Preserve null; never replace missing dates or identifiers with fabricated values.
fact_referrals,Reporting,One canonical referral,days_ready_to_scheduled,Whole number,Valid elapsed days from ready to first booking; null if unfinished or timing-invalid.,Preserve null; never replace missing dates or identifiers with fabricated values.
fact_referrals,Reporting,One canonical referral,days_to_schedule,Whole number,Valid elapsed days from receipt to first booking; null if unfinished or timing-invalid.,Preserve null; never replace missing dates or identifiers with fabricated values.
fact_referrals,Reporting,One canonical referral,days_in_current_stage,Whole number,Snapshot minus current-stage date for timing-valid referrals; null otherwise.,Preserve null; never replace missing dates or identifiers with fabricated values.
fact_referrals,Reporting,One canonical referral,mature_30_flag,Whole number,1 for timing-valid referrals with receipt age >= 30 calendar days.,Reporting flag is 0 or 1; do not treat source unknown values as inferred facts.
fact_referrals,Reporting,One canonical referral,not_yet_mature_flag,Whole number,1 for timing-valid referrals with receipt age < 30 calendar days.,Reporting flag is 0 or 1; do not treat source unknown values as inferred facts.
fact_referrals,Reporting,One canonical referral,overdue_followup_flag,Whole number,"1 for pre-booking queue referrals with an open task due before the snapshot, not due today.",Reporting flag is 0 or 1; do not treat source unknown values as inferred facts.
fact_referrals,Reporting,One canonical referral,missing_followup_task_flag,Whole number,1 for pre-booking cases aged >= 2 calendar days without any open follow-up task.,Reporting flag is 0 or 1; do not treat source unknown values as inferred facts.
fact_referrals,Reporting,One canonical referral,scheduled_30_flag,Whole number,"1 only within the mature cohort, when first booking was 0–30 days after receipt inclusive.",Reporting flag is 0 or 1; do not treat source unknown values as inferred facts.
fact_referrals,Reporting,One canonical referral,stalled_stage_flag,Whole number,1 for pre-booking queue cases with valid current-stage age > 7 calendar days.,Reporting flag is 0 or 1; do not treat source unknown values as inferred facts.
fact_referrals,Reporting,One canonical referral,unassigned_open_flag,Whole number,1 for open cases missing intake ownership.,Reporting flag is 0 or 1; do not treat source unknown values as inferred facts.
fact_referrals,Reporting,One canonical referral,manual_record_review_flag,Whole number,"1 for timing-invalid, unmapped-status, or status-conflict cases; ownership/task exceptions have separate flags.",Reporting flag is 0 or 1; do not treat source unknown values as inferred facts.
fact_activities,Reporting,One provider outreach activity,activity_id,Text,Unique provider-outreach activity identifier.,Preserve null; never replace missing dates or identifiers with fabricated values.
fact_activities,Reporting,One provider outreach activity,account_id,Text,Synthetic provider-partner identifier; not a patient or referral identifier.,Preserve null; never replace missing dates or identifiers with fabricated values.
fact_activities,Reporting,One provider outreach activity,territory_id,Text,Synthetic territory identifier; account attribution is static.,Preserve null; never replace missing dates or identifiers with fabricated values.
fact_activities,Reporting,One provider outreach activity,sales_rep_id,Text,Sales account owner; blank in raw becomes REP_UNASSIGNED in reporting.,Use documented UNASSIGNED sentinel; retain missing-owner flags and action queue.
fact_activities,Reporting,One provider outreach activity,activity_date,Date,Date of provider-partner outreach.,Preserve null; never replace missing dates or identifiers with fabricated values.
fact_activities,Reporting,One provider outreach activity,activity_type,Text,Synthetic provider outreach channel/type.,Preserve null; never replace missing dates or identifiers with fabricated values.
fact_activities,Reporting,One provider outreach activity,outcome,Text,Descriptive contact result; not proof of conversion.,Preserve null; never replace missing dates or identifiers with fabricated values.
fact_targets,Reporting,One month and territory,month_start,Date,First calendar date of target/summary month. Targets have month-territory grain.,Preserve null; never replace missing dates or identifiers with fabricated values.
fact_targets,Reporting,One month and territory,territory_id,Text,Synthetic territory identifier; account attribution is static.,Preserve null; never replace missing dates or identifiers with fabricated values.
fact_targets,Reporting,One month and territory,referral_target,Text,"Constructed target for dated referrals in a month and territory, not a market benchmark.",Preserve null; never replace missing dates or identifiers with fabricated values.
fact_account_snapshot,Reporting,One account at frozen snapshot,account_id,Text,Synthetic provider-partner identifier; not a patient or referral identifier.,Preserve null; never replace missing dates or identifiers with fabricated values.
fact_account_snapshot,Reporting,One account at frozen snapshot,territory_id,Text,Synthetic territory identifier; account attribution is static.,Preserve null; never replace missing dates or identifiers with fabricated values.
fact_account_snapshot,Reporting,One account at frozen snapshot,sales_rep_id,Text,Sales account owner; blank in raw becomes REP_UNASSIGNED in reporting.,Use documented UNASSIGNED sentinel; retain missing-owner flags and action queue.
fact_account_snapshot,Reporting,One account at frozen snapshot,as_of_date,Date,"Frozen observation date, 2026-08-31; do not substitute TODAY().",Preserve null; never replace missing dates or identifiers with fabricated values.
fact_account_snapshot,Reporting,One account at frozen snapshot,referrals_recent_30,Whole number,"Account receipts dated August 2–31, 2026 inclusive; fixed snapshot window.",Preserve null; never replace missing dates or identifiers with fabricated values.
fact_account_snapshot,Reporting,One account at frozen snapshot,referrals_prior_30,Whole number,"Account receipts dated July 3–August 1, 2026 inclusive; fixed snapshot window.",Preserve null; never replace missing dates or identifiers with fabricated values.
fact_account_snapshot,Reporting,One account at frozen snapshot,referral_change_count,Whole number,Recent account-window volume minus prior-window volume.,Preserve null; never replace missing dates or identifiers with fabricated values.
fact_account_snapshot,Reporting,One account at frozen snapshot,referral_change_pct,Decimal number,(Recent - prior)/prior; null when prior volume is zero.,Preserve null; never replace missing dates or identifiers with fabricated values.
fact_account_snapshot,Reporting,One account at frozen snapshot,current_scheduling_queue,Whole number,Current count of account referrals in pre-booking stages.,Preserve null; never replace missing dates or identifiers with fabricated values.
fact_account_snapshot,Reporting,One account at frozen snapshot,overdue_referrals,Whole number,Current count of account referrals with overdue open follow-up.,Preserve null; never replace missing dates or identifiers with fabricated values.
fact_account_snapshot,Reporting,One account at frozen snapshot,unassigned_open_referrals,Whole number,Current count of open account referrals lacking intake owner.,Preserve null; never replace missing dates or identifiers with fabricated values.
fact_account_snapshot,Reporting,One account at frozen snapshot,mature_cohort_referrals,Whole number,"All-source-period mature 30-day cohort count for the account, not only the recent 30-day window.",Preserve null; never replace missing dates or identifiers with fabricated values.
fact_account_snapshot,Reporting,One account at frozen snapshot,scheduled_in_30,Whole number,All-source-period mature cohort successes for the account.,Preserve null; never replace missing dates or identifiers with fabricated values.
fact_account_snapshot,Reporting,One account at frozen snapshot,last_outreach_date,Date,Latest recorded provider-account outreach date.,Preserve null; never replace missing dates or identifiers with fabricated values.
fact_account_snapshot,Reporting,One account at frozen snapshot,days_since_outreach,Whole number,Calendar days from last provider outreach to snapshot; null if no outreach recorded.,Preserve null; never replace missing dates or identifiers with fabricated values.
fact_account_snapshot,Reporting,One account at frozen snapshot,suggested_action,Text,"Ordered deterministic account rule; ownership/workflow first, then decline/outreach. Not predictive or clinical.",Preserve null; never replace missing dates or identifiers with fabricated values.
fact_exceptions,Reporting,One entity and exception rule at snapshot,exception_id,Text,Unique rule_id:entity_id key; one entity may have multiple issue records.,Preserve null; never replace missing dates or identifiers with fabricated values.
fact_exceptions,Reporting,One entity and exception rule at snapshot,entity_id,Text,Affected referral or account ID; interpret with entity_type.,Preserve null; never replace missing dates or identifiers with fabricated values.
fact_exceptions,Reporting,One entity and exception rule at snapshot,entity_type,Text,Referral or Account; do not mix distinct counts without labeling population.,Preserve null; never replace missing dates or identifiers with fabricated values.
fact_exceptions,Reporting,One entity and exception rule at snapshot,account_id,Text,Synthetic provider-partner identifier; not a patient or referral identifier.,Preserve null; never replace missing dates or identifiers with fabricated values.
fact_exceptions,Reporting,One entity and exception rule at snapshot,territory_id,Text,Synthetic territory identifier; account attribution is static.,Preserve null; never replace missing dates or identifiers with fabricated values.
fact_exceptions,Reporting,One entity and exception rule at snapshot,intake_owner_id,Text,Referral intake-case owner; distinct from the sales account owner. Blank maps to INT_UNASSIGNED.,Use documented UNASSIGNED sentinel; retain missing-owner flags and action queue.
fact_exceptions,Reporting,One entity and exception rule at snapshot,rule_id,Text,DQ01–DQ10 rule identifier.,Preserve null; never replace missing dates or identifiers with fabricated values.
fact_exceptions,Reporting,One entity and exception rule at snapshot,issue,Text,Human-readable data-quality or workflow-control issue.,Preserve null; never replace missing dates or identifiers with fabricated values.
fact_exceptions,Reporting,One entity and exception rule at snapshot,resolution_status,Text,Resolved in reporting or Awaiting review; source data is never overwritten by the pipeline.,Preserve null; never replace missing dates or identifiers with fabricated values.
fact_exceptions,Reporting,One entity and exception rule at snapshot,review_team,Text,Role responsible for exception review; not an automatically assigned individual.,Preserve null; never replace missing dates or identifiers with fabricated values.
fact_exceptions,Reporting,One entity and exception rule at snapshot,required_action,Text,Proposed procedure to review or resolve the exception.,Preserve null; never replace missing dates or identifiers with fabricated values.
fact_exceptions,Reporting,One entity and exception rule at snapshot,as_of_date,Date,"Frozen observation date, 2026-08-31; do not substitute TODAY().",Preserve null; never replace missing dates or identifiers with fabricated values.
project_config,Reporting,One fixed scenario configuration,as_of_date,Date,"Frozen observation date, 2026-08-31; do not substitute TODAY().",Preserve null; never replace missing dates or identifiers with fabricated values.
project_config,Reporting,One fixed scenario configuration,source_start_date,Date,"First source receipt date in scope, 2025-01-01.",Preserve null; never replace missing dates or identifiers with fabricated values.
project_config,Reporting,One fixed scenario configuration,cohort_days,Whole number,"Scenario maturity and booking window, 30 calendar days.",Preserve null; never replace missing dates or identifiers with fabricated values.
project_config,Reporting,One fixed scenario configuration,followup_target_calendar_days,Whole number,"Scenario task-coverage threshold, two calendar days; not regulatory.",Preserve null; never replace missing dates or identifiers with fabricated values.
project_config,Reporting,One fixed scenario configuration,stalled_stage_calendar_days,Whole number,Scenario stalled-stage threshold; flag requires more than seven calendar days.,Preserve null; never replace missing dates or identifiers with fabricated values.
project_config,Reporting,One fixed scenario configuration,random_seed,Text,Fixed generator seed for reproducible synthetic records.,Preserve null; never replace missing dates or identifiers with fabricated values.
